employee_id,name,age,gender,department,job_role,tenure_years,salary,salary_hike_percent,monthly_income,distance_from_home,job_satisfaction,work_life_balance,overtime,performance_rating,num_companies_worked,years_at_company,years_since_last_promotion,manager_rating,absences_per_year,attrition
EMP-0001,Arjun King,36,Male,Marketing,Content Strategist,4,77546,6.7,6462.17,28,2,1,Yes,2,0,4,0,2,2,No
EMP-0002,Priya Wright,49,Female,Sales,Sales Analyst,10,88415,24.1,7367.92,22,2,1,Yes,2,1,4,0,2,12,No
EMP-0003,Divya Hernandez,45,Female,Marketing,Marketing Coordinator,18,140209,5.9,11684.08,15,3,4,No,4,4,6,0,4,7,No
EMP-0004,Brian Turner,37,Male,Sales,Regional Sales Lead,5,81615,24.8,6801.25,41,4,3,Yes,3,5,3,1,4,10,No
EMP-0005,Jessica Harris,51,Female,HR,Talent Acquisition Lead,4,68365,19.9,5697.08,35,2,2,Yes,3,2,2,2,2,18,Yes
EMP-0006,Anil Turner,49,Male,Sales,Sales Analyst,19,135448,16.9,11287.33,30,3,4,Yes,3,8,2,1,4,17,No
EMP-0007,William Sato,22,Male,Sales,Business Development Rep,1,74366,23.3,6197.17,41,2,3,No,3,1,1,0,3,4,No
EMP-0008,Pranav Miller,37,Male,Sales,Sales Executive,16,108524,21.3,9043.67,35,4,4,No,4,2,2,0,5,15,No
EMP-0009,Joseph Tanaka,45,Male,Operations,Operations Manager,14,96053,9.5,8004.42,22,1,1,No,2,0,14,4,2,17,Yes
EMP-0010,Benjamin Anderson,53,Male,Marketing,Marketing Coordinator,6,98483,16.5,8206.92,16,1,2,No,2,6,2,1,2,13,No
EMP-0011,Vikram Tanaka,28,Male,Operations,Operations Analyst,7,90026,14.0,7502.17,28,2,2,Yes,2,2,3,2,2,14,Yes
EMP-0012,Amit Wright,48,Male,Sales,Account Manager,15,111266,23.0,9272.17,11,2,2,No,2,6,15,0,3,12,No
EMP-0013,Swati Thompson,25,Female,Marketing,Content Strategist,4,68877,20.0,5739.75,4,3,2,Yes,3,0,4,4,3,15,No
EMP-0014,Harsh Nair,24,Male,Finance,Senior Accountant,3,90276,16.3,7523.0,21,2,2,No,2,2,0,0,2,10,No
EMP-0015,Emma Morales,56,Female,Engineering,Software Engineer,6,96688,22.6,8057.33,16,2,2,Yes,3,2,4,2,3,5,No
EMP-0016,Pooja Iyer,28,Female,Marketing,Marketing Specialist,7,81037,17.1,6753.08,22,4,3,No,4,3,2,2,4,20,No
EMP-0017,Aarav Kim,38,Male,Sales,Sales Analyst,5,92122,19.1,7676.83,36,4,3,No,3,0,5,0,4,2,No
EMP-0018,Joseph Park,35,Male,Engineering,Tech Lead,7,112482,22.7,9373.5,27,4,4,Yes,3,2,1,0,5,5,No
EMP-0019,Thomas Johnson,46,Male,Operations,Operations Coordinator,1,62450,21.3,5204.17,30,2,2,No,2,1,1,1,2,7,No
EMP-0020,Rebecca Kim,38,Female,Engineering,Software Engineer,5,86688,7.2,7224.0,28,3,3,No,3,2,4,2,3,13,No
EMP-0021,Pranav Sato,43,Male,Engineering,Data Engineer,19,163706,19.4,13642.17,20,2,2,Yes,2,8,10,2,3,13,No
EMP-0022,Patrick Morales,57,Male,Marketing,SEO Analyst,0,56887,13.6,4740.58,38,2,2,Yes,3,0,0,0,3,14,No
EMP-0023,Divya Wright,41,Female,Sales,Sales Analyst,7,74021,5.9,6168.42,31,4,4,Yes,3,1,3,3,4,13,No
EMP-0024,Varun Wilson,55,Male,Sales,Sales Analyst,14,123127,23.3,10260.58,8,3,3,No,3,7,1,0,4,14,No
EMP-0025,Katherine Khan,52,Female,Sales,Sales Analyst,14,106254,20.3,8854.5,34,1,2,Yes,2,7,8,5,2,7,Yes
EMP-0026,Nikhil Walker,35,Male,Sales,Sales Analyst,2,73180,15.9,6098.33,27,2,3,No,2,0,2,0,3,13,No
EMP-0027,Megan Wright,56,Female,HR,Talent Acquisition Lead,17,125173,10.5,10431.08,32,3,3,No,3,0,7,3,4,10,No
EMP-0028,Monica Morales,27,Female,Operations,Operations Coordinator,6,83458,8.6,6954.83,17,2,3,Yes,2,3,6,2,3,6,No
EMP-0029,Neha King,44,Female,Finance,Financial Analyst,7,94002,20.1,7833.5,16,1,2,No,2,3,1,0,2,19,No
EMP-0030,Brian Cruz,29,Male,Operations,Operations Manager,5,84172,5.5,7014.33,20,2,2,Yes,2,4,2,2,3,12,No
EMP-0031,Ryan Kumar,49,Male,Marketing,Brand Manager,11,105973,5.3,8831.08,27,4,4,No,4,7,1,0,4,13,No
EMP-0032,Emma Torres,49,Female,HR,Talent Acquisition Lead,18,117804,21.6,9817.0,6,3,3,Yes,3,4,8,3,4,7,No
EMP-0033,Rachel Kim,39,Female,Marketing,Brand Manager,17,126232,6.7,10519.33,27,3,3,No,2,7,0,0,3,15,No
EMP-0034,Michelle Hernandez,49,Female,Finance,Finance Manager,17,133365,10.4,11113.75,17,2,2,No,2,3,10,0,2,6,No
EMP-0035,Pooja Thompson,45,Female,Marketing,Content Strategist,5,77787,7.5,6482.25,3,3,3,No,3,0,2,2,4,9,No
EMP-0036,Fatima Williams,52,Female,Engineering,Tech Lead,3,97036,6.5,8086.33,41,4,3,No,3,0,0,0,4,4,No
EMP-0037,Samuel Wang,41,Male,HR,Talent Acquisition Lead,18,127132,17.4,10594.33,40,3,2,Yes,2,1,13,6,3,6,No
EMP-0038,Nicole Kumar,40,Female,Sales,Sales Manager,14,130058,23.5,10838.17,41,3,3,Yes,3,3,2,1,3,3,No
EMP-0039,Kriti Nair,41,Female,HR,Compensation Analyst,12,116282,14.9,9690.17,6,2,3,No,3,0,4,3,4,10,No
EMP-0040,Diana Kumar,55,Female,Sales,Business Development Rep,20,123727,24.9,10310.58,28,2,2,No,3,7,14,0,2,15,No
EMP-0041,Katherine Kumar,42,Female,HR,HR Generalist,8,83036,22.3,6919.67,1,1,1,Yes,2,8,5,3,2,13,Yes
EMP-0042,William Khan,29,Male,Operations,Supply Chain Lead,0,58189,11.2,4849.08,1,4,4,No,3,0,0,0,5,7,No
EMP-0043,Nupur Rodriguez,51,Female,HR,HR Business Partner,17,116952,23.4,9746.0,33,4,3,Yes,3,2,4,0,4,8,No
EMP-0044,Swati Khan,44,Female,Finance,Budget Analyst,10,114610,14.1,9550.83,21,2,3,No,2,3,8,5,3,7,No
EMP-0045,Swati Martinez,54,Female,Engineering,Senior Software Engineer,18,127825,7.0,10652.08,30,2,2,Yes,2,0,10,5,3,4,Yes
EMP-0046,Sanjay Lewis,42,Male,Finance,Budget Analyst,20,145496,17.3,12124.67,16,2,2,No,3,4,15,1,3,2,No
EMP-0047,Ravi Singh,45,Male,Marketing,Digital Marketing Manager,13,106405,13.2,8867.08,44,2,1,Yes,1,2,2,0,2,5,No
EMP-0048,Disha Taylor,51,Female,Operations,Operations Coordinator,9,96318,6.5,8026.5,23,3,3,Yes,3,4,9,5,4,13,No
EMP-0049,Diana Davis,23,Female,Operations,Operations Analyst,2,75610,22.3,6300.83,4,4,4,Yes,3,2,2,2,4,15,No
EMP-0050,Meera Turner,24,Female,Engineering,Data Engineer,3,95399,12.3,7949.92,9,3,3,No,3,0,3,2,4,10,No
EMP-0051,Marcus Rodriguez,43,Male,Marketing,Marketing Coordinator,3,61536,20.1,5128.0,15,3,3,No,3,3,3,2,4,2,No
EMP-0052,Pooja Lewis,23,Female,Sales,Business Development Rep,2,71249,18.0,5937.42,41,3,2,Yes,2,1,2,2,4,9,No
EMP-0053,Nikhil Ali,56,Male,Marketing,Marketing Coordinator,13,119751,22.7,9979.25,42,3,3,No,3,1,9,6,3,15,No
EMP-0054,Pooja Lewis,44,Female,Marketing,Brand Manager,1,59349,24.4,4945.75,30,3,2,No,3,0,1,0,4,20,No
EMP-0055,Kevin Garcia,31,Male,Sales,Sales Manager,10,91091,24.8,7590.92,35,3,2,Yes,3,4,0,0,3,3,No
EMP-0056,Deepak King,29,Male,HR,People Ops Specialist,2,69535,15.3,5794.58,7,3,4,No,4,1,2,2,4,7,No
EMP-0057,Christopher Tanaka,28,Male,HR,Compensation Analyst,7,68754,11.4,5729.5,10,3,3,Yes,3,1,7,1,3,8,No
EMP-0058,Pooja Walker,57,Female,Engineering,Data Engineer,6,100581,13.3,8381.75,30,2,2,Yes,3,3,6,3,3,3,No
EMP-0059,Amit Sato,45,Male,Engineering,Data Engineer,4,98197,24.1,8183.08,36,2,2,No,3,2,4,0,3,13,No
EMP-0060,Pooja Morales,31,Female,Finance,Senior Accountant,10,95902,21.9,7991.83,24,2,2,No,2,1,3,2,2,18,No
EMP-0061,Neha Williams,41,Female,Marketing,Marketing Coordinator,10,76194,22.4,6349.5,37,4,3,No,3,6,5,0,4,4,No
EMP-0062,Aisha Scott,27,Female,Finance,Treasury Analyst,1,64274,18.5,5356.17,18,3,3,Yes,3,1,0,0,3,15,No
EMP-0063,Christina Clark,36,Female,Marketing,Marketing Specialist,12,76939,9.1,6411.58,14,1,2,Yes,2,2,9,6,2,8,Yes
EMP-0064,Sneha Tanaka,49,Female,Operations,Operations Coordinator,0,63258,16.5,5271.5,37,1,1,No,2,0,0,0,2,9,No
EMP-0065,Varun Gupta,47,Male,Sales,Business Development Rep,16,123103,19.9,10258.58,15,2,3,No,3,5,2,0,3,2,No
EMP-0066,Alexander Gupta,34,Male,Sales,Sales Manager,5,70599,8.5,5883.25,41,3,4,No,3,3,4,3,4,18,No
EMP-0067,Swati Khan,50,Female,Engineering,DevOps Engineer,20,151879,6.1,12656.58,33,2,3,No,2,1,9,2,3,14,No
EMP-0068,Disha Reyes,24,Female,Finance,Audit Associate,3,80175,11.4,6681.25,31,2,1,Yes,2,1,3,0,2,14,Yes
EMP-0069,Kriti Fernandez,32,Female,Finance,Treasury Analyst,11,107432,13.2,8952.67,22,2,2,No,2,0,5,5,2,20,Yes
EMP-0070,Sanjay Mehta,31,Male,Finance,Audit Associate,10,119713,7.6,9976.08,6,3,3,No,3,4,4,4,4,12,No
EMP-0071,Varun Lopez,45,Male,Marketing,Marketing Specialist,9,87090,24.0,7257.5,32,1,2,No,2,3,2,0,2,4,No
EMP-0072,Emma Iyer,31,Female,Finance,Budget Analyst,5,89609,19.4,7467.42,3,4,4,Yes,4,3,1,1,4,7,No
EMP-0073,Lisa Park,50,Female,Operations,Facilities Manager,14,119375,15.5,9947.92,11,1,2,Yes,2,3,9,6,2,19,Yes
EMP-0074,William Mehta,50,Male,Sales,Sales Manager,16,118661,23.9,9888.42,15,2,2,Yes,2,7,4,2,2,0,No
EMP-0075,Sanjay Deshmukh,40,Male,Sales,Sales Executive,15,143706,14.0,11975.5,1,1,2,No,2,1,4,0,2,8,No
EMP-0076,Vikram Anderson,51,Male,HR,Compensation Analyst,2,77647,15.7,6470.58,41,1,2,No,2,2,0,0,2,4,No
EMP-0077,Sneha Fernandez,54,Female,Finance,Treasury Analyst,17,136588,5.9,11382.33,25,2,2,No,2,5,0,0,2,0,Yes
EMP-0078,Rahul Lee,33,Male,Finance,Finance Manager,12,113492,21.2,9457.67,5,2,2,Yes,2,7,11,0,2,9,Yes
EMP-0079,Rachel Kumar,40,Female,Operations,Process Manager,11,88021,10.5,7335.08,24,4,4,No,3,6,11,3,4,14,No
EMP-0080,Varun Mehta,33,Male,HR,People Ops Specialist,12,93141,6.6,7761.75,43,3,3,No,3,4,4,2,3,14,No
EMP-0081,Stephanie Turner,47,Female,Engineering,Software Engineer,11,127844,24.1,10653.67,10,1,1,No,2,7,8,0,2,4,No
EMP-0082,Tanvi Khan,30,Female,Engineering,QA Engineer,9,112971,18.0,9414.25,16,2,3,Yes,2,1,5,0,3,5,No
EMP-0083,Laura Thompson,26,Female,Engineering,Senior Software Engineer,5,109190,24.9,9099.17,44,2,2,No,2,2,1,1,3,2,No
EMP-0084,Angela Wilson,30,Female,Engineering,Senior Software Engineer,7,96574,16.1,8047.83,24,2,1,Yes,2,7,7,6,2,17,Yes
EMP-0085,Diana Reddy,26,Female,Sales,Sales Manager,5,95877,11.9,7989.75,36,3,2,Yes,2,5,3,1,2,4,No
EMP-0086,Manoj Fernandez,38,Male,Marketing,Marketing Specialist,6,74994,17.3,6249.5,6,3,4,No,4,4,4,1,4,18,No
EMP-0087,Amit Kumar,38,Male,Operations,Facilities Manager,17,140481,17.4,11706.75,2,2,2,Yes,2,7,6,5,3,17,No
EMP-0088,James Khan,51,Male,HR,Talent Acquisition Lead,6,81611,11.3,6800.92,21,1,1,Yes,2,5,5,2,2,12,Yes
EMP-0089,Vikram Davis,48,Male,HR,People Ops Specialist,7,92316,19.4,7693.0,13,3,2,No,2,2,2,1,3,16,No
EMP-0090,Ananya Singh,52,Female,Marketing,SEO Analyst,9,71819,13.6,5984.92,17,2,2,Yes,2,5,8,6,3,12,No
EMP-0091,Emma Lewis,30,Female,Finance,Financial Analyst,3,81695,16.2,6807.92,24,3,2,No,2,1,3,1,3,19,No
EMP-0092,Ravi Santos,47,Male,Marketing,Content Strategist,19,145211,15.1,12100.92,33,2,2,No,2,8,9,3,3,18,No
EMP-0093,Brian Rodriguez,58,Male,Marketing,Marketing Coordinator,7,96473,8.4,8039.42,41,2,1,Yes,1,6,0,0,1,7,Yes
EMP-0094,Angela Scott,25,Female,Finance,Budget Analyst,4,89775,11.5,7481.25,43,2,2,No,2,3,4,4,2,12,Yes
EMP-0095,Emma Rodriguez,39,Female,Sales,Account Manager,17,114409,20.4,9534.08,14,2,2,No,2,7,9,2,2,15,No
EMP-0096,Shreya Scott,24,Female,Sales,Sales Manager,3,79749,18.1,6645.75,31,2,2,Yes,2,1,0,0,3,17,No
EMP-0097,Daniel Singh,43,Male,Engineering,DevOps Engineer,15,146354,5.1,12196.17,36,4,4,Yes,3,2,3,3,5,20,No
EMP-0098,Ryan Wilson,24,Male,Finance,Audit Associate,3,69350,24.9,5779.17,26,3,4,Yes,3,3,3,1,5,9,No
EMP-0099,Meera Lopez,34,Female,HR,Recruiter,3,73032,18.0,6086.0,12,3,4,No,3,0,2,2,4,10,No
EMP-0100,Divya Tanaka,33,Female,Operations,Operations Coordinator,4,74428,5.1,6202.33,25,4,4,No,3,1,3,3,5,8,No
EMP-0101,Hemant Miller,54,Male,Sales,Business Development Rep,9,106211,12.4,8850.92,15,2,2,Yes,2,3,1,0,2,15,Yes
EMP-0102,Alexander Lewis,55,Male,Finance,Financial Analyst,14,110952,7.2,9246.0,36,2,3,No,3,8,11,1,3,18,No
EMP-0103,Ananya Ali,48,Female,Sales,Regional Sales Lead,14,130183,18.5,10848.58,20,4,4,Yes,3,0,1,1,4,8,No
EMP-0104,Christopher Kumar,33,Male,Marketing,SEO Analyst,4,83722,12.5,6976.83,25,2,2,Yes,1,3,4,3,2,12,Yes
EMP-0105,Christina Iyer,22,Female,Operations,Process Manager,0,70840,13.5,5903.33,25,2,2,No,2,0,0,0,2,14,No
EMP-0106,Alexander Garcia,24,Male,Engineering,Software Engineer,3,85851,9.9,7154.25,3,3,3,Yes,2,3,3,3,4,7,No
EMP-0107,Diana Cruz,37,Female,Operations,Operations Analyst,9,112416,9.4,9368.0,20,4,4,No,4,4,2,0,4,17,No
EMP-0108,Christina Chen,48,Female,Operations,Supply Chain Lead,4,73189,20.1,6099.08,31,3,4,No,3,1,2,0,4,9,No
EMP-0109,Amanda Taylor,27,Female,Sales,Sales Manager,6,86819,19.5,7234.92,13,3,3,No,3,0,5,2,4,12,No
EMP-0110,Jessica Kim,35,Female,Marketing,Marketing Specialist,6,81715,18.9,6809.58,14,2,2,Yes,2,3,1,0,2,17,Yes
EMP-0111,Pooja Young,35,Female,HR,Recruiter,11,92143,16.3,7678.58,15,3,3,Yes,2,2,5,0,3,8,No
EMP-0112,Andrew Hernandez,43,Male,Operations,Operations Manager,8,108779,14.2,9064.92,23,3,3,Yes,3,2,7,1,3,17,No
EMP-0113,Aarav Nakamura,36,Male,Sales,Sales Analyst,2,66241,15.1,5520.08,24,1,1,Yes,1,0,1,1,2,15,No
EMP-0114,Emily Gupta,31,Female,Engineering,QA Engineer,7,119016,10.0,9918.0,23,2,2,No,3,4,3,3,2,2,No
EMP-0115,Amit Tanaka,57,Male,HR,Talent Acquisition Lead,15,119429,19.1,9952.42,6,3,4,Yes,3,7,1,1,4,20,No
EMP-0116,Stephanie Kumar,39,Female,Engineering,Data Engineer,17,150893,8.6,12574.42,21,2,2,No,2,0,17,1,2,18,No
EMP-0117,Rebecca Kim,30,Female,HR,Compensation Analyst,2,57638,13.7,4803.17,5,4,4,No,3,1,2,2,4,19,No
EMP-0118,Katherine Wang,46,Female,HR,HR Business Partner,2,58426,6.6,4868.83,10,1,1,Yes,1,1,2,2,2,20,Yes
EMP-0119,Deepak Mehta,50,Male,Sales,Business Development Rep,17,138036,7.1,11503.0,6,3,3,No,2,5,17,4,3,2,No
EMP-0120,Ryan Fernandez,46,Male,Sales,Sales Analyst,5,80372,10.4,6697.67,10,2,2,No,2,0,1,0,3,13,No
EMP-0121,Hemant Gupta,22,Male,Sales,Sales Manager,1,71988,21.1,5999.0,22,4,4,No,3,1,1,1,4,13,No
EMP-0122,Emily Tanaka,53,Female,Marketing,Digital Marketing Manager,18,122334,10.6,10194.5,26,2,1,No,2,5,7,0,2,18,Yes
EMP-0123,Akash Davis,48,Male,Operations,Operations Coordinator,15,131833,9.8,10986.08,43,2,1,No,2,2,4,3,2,12,No
EMP-0124,Pranav Walker,27,Male,Finance,Treasury Analyst,3,85711,8.3,7142.58,40,4,3,No,3,0,1,1,4,10,No
EMP-0125,Akash Park,54,Male,HR,Talent Acquisition Lead,4,74219,7.1,6184.92,27,2,2,Yes,2,0,2,0,2,4,Yes
EMP-0126,Aisha Reddy,29,Female,Marketing,Marketing Specialist,0,53583,18.5,4465.25,11,2,2,Yes,2,0,0,0,2,17,Yes
EMP-0127,Aditi Patel,34,Female,Operations,Facilities Manager,13,114608,5.1,9550.67,14,3,3,Yes,3,3,9,2,3,2,No
EMP-0128,Christina Turner,46,Female,Marketing,Brand Manager,19,137419,12.0,11451.58,30,4,4,Yes,3,2,12,6,4,9,No
EMP-0129,Benjamin Wang,30,Male,HR,People Ops Specialist,9,89674,14.7,7472.83,35,2,2,Yes,2,2,6,4,3,5,No
EMP-0130,Michael Wang,53,Male,Finance,Treasury Analyst,13,125801,19.2,10483.42,29,3,2,Yes,2,7,10,1,3,2,No
EMP-0131,Katherine Lopez,29,Female,Engineering,QA Engineer,8,115777,21.5,9648.08,3,4,4,No,4,7,8,4,4,6,No
EMP-0132,Divya Khan,35,Female,Engineering,Senior Software Engineer,14,158751,17.7,13229.25,11,4,4,Yes,3,2,11,6,4,6,No
EMP-0133,Nicole Morales,28,Female,Marketing,Brand Manager,4,68055,22.3,5671.25,9,3,3,No,3,1,3,1,4,4,No
EMP-0134,Isha Khan,27,Female,Engineering,Data Engineer,6,111163,14.1,9263.58,32,4,3,No,4,2,4,4,4,0,No
EMP-0135,Jessica Sato,39,Female,Sales,Business Development Rep,10,106764,16.6,8897.0,37,1,1,Yes,1,7,4,2,2,1,Yes
EMP-0136,Lisa Walker,41,Female,Sales,Sales Analyst,5,73668,18.1,6139.0,17,1,1,No,2,0,5,2,2,20,No
EMP-0137,David Rodriguez,36,Male,Engineering,Senior Software Engineer,15,100834,18.9,8402.83,8,2,2,Yes,3,6,14,5,3,4,No
EMP-0138,Meera Harris,26,Female,Operations,Process Manager,5,83168,18.0,6930.67,29,4,3,No,3,2,4,1,3,20,No
EMP-0139,Kevin Young,49,Male,HR,Recruiter,10,89215,17.9,7434.58,16,3,4,No,2,8,2,2,4,19,No
EMP-0140,Harsh Davis,37,Male,Operations,Operations Coordinator,15,97814,15.0,8151.17,39,4,4,No,4,1,12,4,5,0,No
EMP-0141,Sneha Patel,22,Female,Finance,Financial Analyst,1,64144,24.0,5345.33,26,3,3,Yes,3,1,0,0,3,13,No
EMP-0142,Anil Torres,26,Male,Marketing,SEO Analyst,5,76774,6.2,6397.83,6,2,3,Yes,3,3,5,0,3,14,No
EMP-0143,James Martinez,55,Male,Marketing,Brand Manager,8,82343,20.0,6861.92,18,3,3,Yes,3,1,2,0,4,10,No
EMP-0144,Ananya Martinez,45,Female,Finance,Senior Accountant,5,90910,18.5,7575.83,8,1,1,No,1,1,2,2,1,16,No
EMP-0145,Ethan Hall,48,Male,Operations,Operations Manager,7,87751,23.3,7312.58,21,2,3,No,2,4,5,0,3,18,No
EMP-0146,Hemant Davis,27,Male,Marketing,Digital Marketing Manager,6,74280,9.0,6190.0,37,2,2,No,2,6,6,2,3,19,No
EMP-0147,Anil Sharma,36,Male,HR,HR Generalist,15,119374,24.0,9947.83,1,1,1,No,2,6,11,6,1,9,Yes
EMP-0148,Rahul Wilson,45,Male,Finance,Budget Analyst,14,124423,15.1,10368.58,41,3,3,Yes,2,6,2,0,3,18,No
EMP-0149,Aisha Khan,26,Female,Marketing,Content Strategist,5,75540,8.1,6295.0,11,2,3,Yes,2,3,1,1,3,10,No
EMP-0150,Joseph Hall,24,Male,Operations,Facilities Manager,3,63809,19.2,5317.42,23,3,4,No,2,3,2,2,3,1,No
EMP-0151,Rohan Ali,29,Male,Engineering,Senior Software Engineer,0,74283,9.0,6190.25,26,3,2,No,3,0,0,0,3,18,No
EMP-0152,Sanjay Nair,25,Male,Engineering,DevOps Engineer,4,98039,14.9,8169.92,25,1,1,No,2,3,4,1,2,11,No
EMP-0153,Laura Nakamura,25,Female,Finance,Budget Analyst,2,71632,13.4,5969.33,42,4,4,No,3,2,2,0,5,20,No
EMP-0154,Diana Lopez,39,Female,Marketing,SEO Analyst,5,86096,9.4,7174.67,18,2,2,Yes,2,0,0,0,2,16,Yes
EMP-0155,Daniel Morales,33,Male,HR,Recruiter,5,82550,21.1,6879.17,45,4,4,No,3,2,1,0,5,11,No
EMP-0156,Emily Martinez,25,Female,Engineering,Software Engineer,4,82237,15.5,6853.08,1,3,3,Yes,3,2,4,4,4,6,No
EMP-0157,Karthik Fernandez,45,Male,Marketing,Marketing Specialist,12,89984,11.0,7498.67,9,4,4,No,3,2,9,5,4,13,No
EMP-0158,Jennifer Clark,46,Female,Finance,Senior Accountant,9,88512,19.6,7376.0,45,1,2,Yes,2,6,4,4,2,1,Yes
EMP-0159,Sneha Anderson,32,Female,Marketing,Digital Marketing Manager,11,114934,13.9,9577.83,17,2,2,Yes,2,3,1,0,2,2,No
EMP-0160,Laura Wang,46,Female,Marketing,Brand Manager,3,70492,8.3,5874.33,5,2,2,No,2,0,3,2,2,0,No
EMP-0161,Sanjay Cruz,23,Male,Finance,Budget Analyst,2,83201,8.1,6933.42,7,2,3,Yes,2,1,1,0,3,6,No
EMP-0162,Diana Hernandez,25,Female,HR,HR Business Partner,4,67875,10.9,5656.25,43,1,1,Yes,2,4,0,0,2,6,Yes
EMP-0163,Laura Clark,56,Female,Marketing,Marketing Specialist,12,104727,12.4,8727.25,29,2,2,No,2,0,2,1,3,14,No
EMP-0164,Rebecca Nakamura,57,Female,Finance,Senior Accountant,1,77857,24.3,6488.08,44,2,2,Yes,2,1,1,0,2,15,Yes
EMP-0165,Karthik Wright,32,Male,HR,HR Business Partner,6,66494,13.5,5541.17,44,2,1,Yes,2,3,3,1,2,20,Yes
EMP-0166,Stephanie Fernandez,55,Female,HR,HR Generalist,13,102964,8.0,8580.33,38,4,4,Yes,3,1,1,0,4,18,No
EMP-0167,Kavitha Williams,31,Female,Marketing,SEO Analyst,10,111043,5.8,9253.58,22,4,3,Yes,4,3,9,0,4,15,No
EMP-0168,Daniel Iyer,50,Male,Marketing,Marketing Coordinator,10,113506,17.1,9458.83,6,4,4,Yes,3,3,4,3,4,6,No
EMP-0169,Joseph Hall,30,Male,Finance,Budget Analyst,9,84755,8.9,7062.92,13,3,3,No,2,0,9,1,3,1,No
EMP-0170,Arjun Anderson,50,Male,Marketing,SEO Analyst,5,88945,16.0,7412.08,23,2,2,No,2,1,5,2,3,2,No
EMP-0171,Thomas Harris,23,Male,HR,People Ops Specialist,0,55675,17.0,4639.58,1,3,4,No,3,0,0,0,4,19,No
EMP-0172,Jessica Ali,55,Female,Marketing,Marketing Coordinator,19,136838,5.1,11403.17,43,3,3,Yes,3,5,12,4,3,20,No
EMP-0173,Rachel Harris,41,Female,Operations,Operations Manager,6,85582,23.0,7131.83,39,3,3,No,3,3,2,2,3,10,No
EMP-0174,Kevin Hall,43,Male,Finance,Senior Accountant,7,107886,23.1,8990.5,43,4,4,Yes,3,5,7,4,4,9,No
EMP-0175,Sanjay Harris,44,Male,Engineering,Senior Software Engineer,7,106910,12.4,8909.17,38,3,2,No,3,4,4,3,2,3,No
EMP-0176,Christina Miller,31,Female,HR,HR Generalist,4,77020,24.7,6418.33,30,3,3,Yes,3,1,1,1,4,5,No
EMP-0177,Ryan Wright,27,Male,Sales,Business Development Rep,4,84174,13.1,7014.5,31,3,3,No,3,3,4,0,3,1,No
EMP-0178,Alexander Wilson,41,Male,Operations,Operations Analyst,4,83777,16.8,6981.42,11,4,4,No,3,0,0,0,4,9,No
EMP-0179,Shreya Wright,47,Female,Sales,Account Manager,0,59299,9.2,4941.58,2,3,3,No,3,0,0,0,4,11,No
EMP-0180,Rohan Harris,29,Male,Engineering,Software Engineer,8,102505,15.9,8542.08,31,1,1,No,2,2,7,1,2,20,No
EMP-0181,Benjamin Young,40,Male,Finance,Financial Analyst,3,78623,17.2,6551.92,17,1,2,Yes,2,1,0,0,3,13,No
EMP-0182,Karthik Morales,31,Male,Operations,Supply Chain Lead,2,66245,23.1,5520.42,42,1,2,Yes,2,0,0,0,3,9,No
EMP-0183,Ritu Gupta,30,Female,Engineering,Software Engineer,9,111829,22.9,9319.08,40,2,2,No,2,4,2,2,3,2,No
EMP-0184,Nupur Harris,30,Female,Sales,Sales Executive,1,71056,23.2,5921.33,31,2,2,No,2,1,0,0,3,19,No
EMP-0185,Ritu Nakamura,26,Female,HR,HR Generalist,5,66840,19.1,5570.0,44,3,4,No,3,4,5,5,4,18,No
EMP-0186,Amanda Rodriguez,46,Female,Marketing,Marketing Coordinator,4,69828,5.2,5819.0,11,3,4,Yes,3,4,4,3,5,15,No
EMP-0187,Aditi Anderson,50,Female,Engineering,DevOps Engineer,18,128813,13.9,10734.42,8,1,1,No,2,7,14,5,2,20,Yes
EMP-0188,Angela Hernandez,51,Female,Sales,Sales Analyst,10,84524,21.9,7043.67,22,3,3,Yes,2,8,5,4,3,19,No
EMP-0189,Katherine Fernandez,28,Female,Marketing,Marketing Coordinator,1,58618,21.4,4884.83,27,1,2,Yes,2,0,0,0,2,19,Yes
EMP-0190,Kavitha Turner,29,Female,Operations,Facilities Manager,8,109886,24.1,9157.17,9,3,3,No,3,7,7,0,4,16,No
EMP-0191,Deepak Gupta,42,Male,HR,Compensation Analyst,16,129379,23.3,10781.58,16,4,4,No,3,4,12,3,5,10,No
EMP-0192,Katherine Turner,35,Female,Sales,Account Manager,14,133682,23.4,11140.17,9,3,3,No,3,2,9,4,4,17,No
EMP-0193,Rebecca Davis,55,Female,HR,HR Generalist,3,65442,6.1,5453.5,4,4,4,Yes,3,1,0,0,5,5,No
EMP-0194,Kriti Gupta,57,Female,Finance,Audit Associate,7,92929,15.2,7744.08,45,4,4,No,4,4,7,5,4,1,No
EMP-0195,Lisa Santos,45,Female,HR,HR Business Partner,18,136915,20.5,11409.58,13,4,4,Yes,4,4,17,3,4,5,No
EMP-0196,Meera Johnson,22,Female,Finance,Finance Manager,1,69978,5.8,5831.5,21,3,3,No,3,0,1,1,4,15,No
EMP-0197,Gaurav Torres,27,Male,Finance,Budget Analyst,6,88113,11.6,7342.75,19,4,3,No,3,1,3,3,4,17,No
EMP-0198,Rahul Lewis,29,Male,Marketing,SEO Analyst,8,92963,5.5,7746.92,34,2,3,No,2,5,4,4,3,16,No
EMP-0199,Suresh Garcia,35,Male,Operations,Operations Manager,13,91261,15.8,7605.08,45,3,3,Yes,3,6,13,5,3,2,No
EMP-0200,Ryan Wilson,46,Male,Marketing,SEO Analyst,14,113189,5.3,9432.42,44,3,3,Yes,3,1,12,4,4,0,No
EMP-0201,William Lewis,27,Male,Marketing,Brand Manager,6,84319,21.4,7026.58,2,2,2,No,2,3,6,1,2,17,No
EMP-0202,Priya Hernandez,29,Female,Finance,Senior Accountant,1,83896,12.9,6991.33,36,4,3,No,3,0,0,0,4,6,No
EMP-0203,Patrick Taylor,33,Male,Sales,Sales Executive,12,99648,14.2,8304.0,36,1,2,No,2,1,12,2,2,2,No
EMP-0204,Emma Reddy,53,Female,Sales,Sales Manager,14,128352,18.9,10696.0,10,4,4,No,4,5,10,6,5,10,No
EMP-0205,Meera Lewis,52,Female,Operations,Operations Analyst,14,111575,14.7,9297.92,7,1,2,No,2,2,14,5,1,19,No
EMP-0206,Arjun Lopez,47,Male,Operations,Operations Coordinator,18,109774,10.2,9147.83,35,2,2,Yes,2,7,6,5,2,4,Yes
EMP-0207,Tanvi Lopez,37,Female,Engineering,Data Engineer,16,140279,13.9,11689.92,12,3,4,Yes,3,2,5,5,4,15,No
EMP-0208,Isha Rodriguez,24,Female,HR,HR Generalist,3,74350,17.7,6195.83,18,3,3,Yes,3,2,2,2,4,17,No
EMP-0209,Samuel Tanaka,53,Male,Marketing,Digital Marketing Manager,15,115378,13.8,9614.83,15,1,2,Yes,2,1,0,0,2,6,No
EMP-0210,Christopher Lewis,35,Male,HR,Talent Acquisition Lead,14,128578,5.4,10714.83,3,2,1,Yes,2,2,5,4,2,18,Yes
EMP-0211,Sophia Morales,40,Female,Operations,Operations Coordinator,2,80552,24.9,6712.67,31,3,3,Yes,2,0,1,0,3,13,No
EMP-0212,Disha Cruz,36,Female,Finance,Financial Analyst,12,94049,5.3,7837.42,34,4,3,No,4,8,6,5,4,13,No
EMP-0213,Amit Rodriguez,56,Male,Operations,Process Manager,0,66784,12.4,5565.33,3,3,3,No,3,0,0,0,4,15,No
EMP-0214,Marcus Rodriguez,40,Male,Sales,Sales Executive,19,133234,8.8,11102.83,1,1,1,Yes,1,8,17,0,1,16,Yes
EMP-0215,Rachel Torres,45,Female,HR,People Ops Specialist,19,153976,20.1,12831.33,27,2,3,Yes,2,8,8,6,3,17,No
EMP-0216,Karthik King,32,Male,Sales,Business Development Rep,3,80371,20.7,6697.58,36,3,3,No,3,0,1,0,5,12,No
EMP-0217,Pranav Mehta,46,Male,Finance,Financial Analyst,12,133316,10.7,11109.67,39,3,3,Yes,3,0,9,6,4,5,No
EMP-0218,Patrick Johnson,45,Male,Operations,Operations Coordinator,7,74353,24.9,6196.08,26,3,3,Yes,2,5,0,0,3,12,No
EMP-0219,Shreya Brown,34,Female,Sales,Regional Sales Lead,13,121340,5.1,10111.67,12,3,3,Yes,2,6,13,4,3,3,No
EMP-0220,Kriti Wang,37,Female,Finance,Budget Analyst,10,123006,22.9,10250.5,2,1,2,Yes,2,7,7,0,1,8,Yes
EMP-0221,Marcus Anderson,47,Male,Marketing,Marketing Specialist,10,98558,14.5,8213.17,23,4,4,No,3,3,1,1,4,5,No
EMP-0222,Daniel Thompson,44,Male,Sales,Regional Sales Lead,4,67535,18.5,5627.92,43,4,4,No,3,3,0,0,5,17,No
EMP-0223,Laura Williams,47,Female,Finance,Finance Manager,7,92774,21.0,7731.17,31,2,2,Yes,3,0,2,2,3,11,No
EMP-0224,David Wang,42,Male,Finance,Financial Analyst,11,99825,16.0,8318.75,16,2,2,Yes,2,4,9,3,3,19,No
EMP-0225,Emily Morales,36,Female,Sales,Regional Sales Lead,3,82092,13.6,6841.0,25,2,2,No,2,1,2,0,3,4,No
EMP-0226,Laura Miller,58,Female,Marketing,Brand Manager,1,57757,6.2,4813.08,17,3,3,Yes,3,1,1,0,4,14,No
EMP-0227,Sophia Thompson,56,Female,Finance,Treasury Analyst,5,87461,11.5,7288.42,33,4,3,Yes,3,3,5,5,4,14,No
EMP-0228,Nupur Turner,47,Female,Finance,Treasury Analyst,2,76585,9.6,6382.08,21,3,3,No,3,2,0,0,4,8,No
EMP-0229,Nupur Johnson,30,Female,Sales,Sales Executive,7,91713,9.2,7642.75,26,4,3,No,4,1,4,0,4,2,No
EMP-0230,Amit Harris,36,Male,HR,Recruiter,7,80847,7.6,6737.25,11,3,4,Yes,4,0,4,0,4,11,No
EMP-0231,Kevin Cruz,58,Male,HR,Compensation Analyst,13,127551,11.2,10629.25,23,3,3,Yes,3,7,8,4,4,7,No
EMP-0232,Manoj Davis,22,Male,HR,People Ops Specialist,1,53526,20.3,4460.5,19,2,2,No,2,0,1,0,2,17,No
EMP-0233,Jennifer Taylor,37,Female,Engineering,DevOps Engineer,16,138086,21.2,11507.17,27,1,2,No,2,3,8,6,2,2,No
EMP-0234,Anil Singh,33,Male,Finance,Financial Analyst,3,73403,19.3,6116.92,1,1,1,Yes,2,1,2,0,2,4,No
EMP-0235,Sanjay Mehta,39,Male,Sales,Sales Executive,12,121093,8.6,10091.08,17,4,4,No,4,6,1,0,4,3,No
EMP-0236,Samuel Clark,46,Male,Sales,Business Development Rep,9,80223,19.9,6685.25,36,2,2,No,2,8,5,0,3,8,No
EMP-0237,Aisha Sharma,29,Female,Sales,Sales Manager,8,72664,16.6,6055.33,45,3,3,No,3,7,3,1,4,11,No
EMP-0238,Vikram Lee,56,Male,Operations,Process Manager,3,72618,11.3,6051.5,36,1,1,No,1,2,1,1,1,6,No
EMP-0239,Lisa Morales,44,Female,Sales,Regional Sales Lead,10,103201,22.4,8600.08,39,3,3,No,3,8,10,1,3,2,No
EMP-0240,Arjun Santos,37,Male,Marketing,Brand Manager,10,90250,21.4,7520.83,13,3,3,Yes,3,8,10,5,4,15,No
EMP-0241,Deepak Williams,28,Male,Engineering,Senior Software Engineer,7,87870,16.4,7322.5,25,2,2,Yes,3,7,3,2,2,1,Yes
EMP-0242,Hemant Turner,57,Male,Engineering,Tech Lead,13,117553,21.5,9796.08,18,3,3,Yes,3,8,13,0,4,2,No
EMP-0243,Samuel Clark,33,Male,Sales,Regional Sales Lead,12,120036,19.9,10003.0,41,3,3,No,3,5,11,5,4,14,No
EMP-0244,Shreya Chen,45,Female,Finance,Finance Manager,13,133818,21.5,11151.5,21,2,2,Yes,2,3,12,4,3,17,No
EMP-0245,William Cruz,30,Male,Engineering,QA Engineer,9,106340,9.3,8861.67,21,3,3,Yes,2,0,0,0,3,17,No
EMP-0246,Daniel Taylor,58,Male,Marketing,Marketing Specialist,12,87209,19.5,7267.42,31,3,4,No,3,2,9,3,4,18,No
EMP-0247,Shreya Sato,36,Female,HR,HR Generalist,15,131473,6.1,10956.08,34,3,3,No,2,0,0,0,3,17,No
EMP-0248,Daniel Sato,31,Male,Marketing,SEO Analyst,4,74944,16.4,6245.33,4,1,2,No,1,4,2,1,1,8,No
EMP-0249,Ethan Santos,37,Male,Operations,Facilities Manager,7,88722,11.5,7393.5,37,2,2,Yes,2,1,1,0,2,13,Yes
EMP-0250,Emma Deshmukh,36,Female,HR,HR Generalist,6,68639,7.2,5719.92,4,4,3,No,3,1,5,4,4,4,No
EMP-0251,Nathan Garcia,55,Male,Sales,Regional Sales Lead,8,91455,18.9,7621.25,43,4,3,No,3,0,8,3,4,18,No
EMP-0252,Priya Reddy,39,Female,HR,Compensation Analyst,11,82442,22.3,6870.17,42,3,3,Yes,3,6,1,0,3,12,No
EMP-0253,Katherine Hall,37,Female,Engineering,Software Engineer,16,139910,12.9,11659.17,11,2,3,Yes,3,0,9,2,2,11,No
EMP-0254,Neha Hernandez,31,Female,Marketing,Content Strategist,10,101397,6.8,8449.75,25,4,4,Yes,3,8,6,5,4,19,No
EMP-0255,Rebecca Iyer,30,Female,Sales,Sales Analyst,9,104838,22.3,8736.5,20,4,4,Yes,4,8,8,1,5,13,No
EMP-0256,Robert Chen,23,Male,Sales,Sales Analyst,2,72308,13.9,6025.67,41,3,3,Yes,3,2,2,1,4,4,No
EMP-0257,Brian Wilson,23,Male,Sales,Sales Analyst,2,80253,7.7,6687.75,39,4,3,No,3,1,0,0,4,5,No
EMP-0258,Nupur Wilson,34,Female,Operations,Operations Manager,6,83744,22.3,6978.67,32,4,4,No,3,5,1,1,4,14,No
EMP-0259,Samuel Gupta,24,Male,HR,Talent Acquisition Lead,3,75572,24.7,6297.67,3,2,2,Yes,2,3,3,0,2,6,No
EMP-0260,Samuel Deshmukh,50,Male,HR,Compensation Analyst,2,74655,23.8,6221.25,45,2,2,Yes,2,2,0,0,3,12,No
EMP-0261,Aisha Walker,32,Female,Operations,Operations Manager,3,75126,17.7,6260.5,6,2,2,No,2,3,0,0,4,12,No
EMP-0262,Robert Scott,48,Male,Operations,Operations Coordinator,9,112532,10.8,9377.67,12,1,1,No,2,1,4,1,2,6,No
EMP-0263,Amanda Garcia,52,Female,Finance,Audit Associate,14,115927,17.0,9660.58,1,3,3,No,2,3,13,4,3,8,No
EMP-0264,Ryan Cruz,27,Male,Marketing,Digital Marketing Manager,1,59547,8.2,4962.25,19,2,2,No,2,0,0,0,3,18,No
EMP-0265,William Rodriguez,39,Male,Sales,Sales Executive,10,109131,9.2,9094.25,14,3,4,No,3,0,8,0,4,18,No
EMP-0266,Sanya Cruz,55,Female,Marketing,Digital Marketing Manager,18,116332,17.3,9694.33,32,3,3,Yes,2,8,18,5,3,20,No
EMP-0267,Ritu King,48,Female,Sales,Regional Sales Lead,13,110228,16.2,9185.67,41,1,2,Yes,2,3,0,0,2,20,Yes
EMP-0268,Fatima Tanaka,23,Female,Operations,Facilities Manager,2,70779,23.4,5898.25,31,1,1,Yes,2,1,1,0,2,20,Yes
EMP-0269,Samuel Miller,42,Male,Finance,Audit Associate,17,102116,16.5,8509.67,22,1,2,No,2,5,17,0,3,4,No
EMP-0270,Joseph Hall,24,Male,Marketing,Marketing Coordinator,3,73352,22.5,6112.67,24,2,2,Yes,2,3,3,2,3,6,No
EMP-0271,Angela Deshmukh,52,Female,Sales,Sales Manager,16,113135,20.4,9427.92,7,1,2,Yes,2,8,9,5,2,4,Yes
EMP-0272,Sanjay Ali,55,Male,Engineering,Software Engineer,9,119513,17.8,9959.42,14,2,2,Yes,2,5,0,0,2,6,No
EMP-0273,David Torres,42,Male,Marketing,Brand Manager,8,98362,16.5,8196.83,11,4,3,Yes,3,1,2,1,5,19,No
EMP-0274,Varun Tanaka,50,Male,Sales,Sales Analyst,19,128190,21.3,10682.5,43,2,3,Yes,3,8,11,0,3,14,No
EMP-0275,Michelle Wilson,38,Female,Sales,Account Manager,11,96085,20.8,8007.08,21,1,1,Yes,2,7,6,3,1,0,Yes
EMP-0276,Harsh Hall,57,Male,Engineering,Tech Lead,20,152197,14.2,12683.08,38,1,2,No,2,6,2,0,2,19,No
EMP-0277,Diana Kim,37,Female,Finance,Audit Associate,5,86262,19.8,7188.5,37,3,2,No,3,3,5,0,3,18,No
EMP-0278,Aisha Martinez,25,Female,Operations,Operations Manager,2,77168,23.1,6430.67,41,2,2,No,2,0,1,0,3,4,No
EMP-0279,Sanya Hall,22,Female,Marketing,Marketing Specialist,1,57834,22.1,4819.5,4,3,3,Yes,3,1,1,0,4,0,No
EMP-0280,Aisha Hall,46,Female,HR,Talent Acquisition Lead,13,92927,14.5,7743.92,13,3,4,Yes,3,8,8,3,4,11,No
EMP-0281,Sanya Iyer,48,Female,Engineering,Senior Software Engineer,14,139619,14.1,11634.92,28,2,2,No,2,8,13,6,3,14,Yes
EMP-0282,Nupur Torres,24,Female,Finance,Finance Manager,1,76056,7.3,6338.0,31,4,4,No,3,0,1,0,4,16,No
EMP-0283,Sneha Lewis,41,Female,Operations,Facilities Manager,19,135264,20.6,11272.0,31,3,4,Yes,3,7,1,1,3,18,No
EMP-0284,Diana Taylor,52,Female,Engineering,Data Engineer,18,149919,18.1,12493.25,19,1,2,Yes,1,0,5,2,1,15,Yes
EMP-0285,Karthik Cruz,31,Male,Sales,Regional Sales Lead,10,90740,20.7,7561.67,16,3,3,Yes,3,7,5,1,5,16,No
EMP-0286,Isha Anderson,32,Female,Operations,Supply Chain Lead,6,74995,20.1,6249.58,8,2,2,Yes,3,0,5,1,3,14,No
EMP-0287,Rachel Deshmukh,22,Female,Finance,Budget Analyst,1,73908,24.2,6159.0,44,3,3,Yes,3,0,1,0,4,17,No
EMP-0288,Marcus Harris,51,Male,Finance,Budget Analyst,7,99959,18.6,8329.92,12,3,3,Yes,3,5,3,0,4,0,No
EMP-0289,Rahul Patel,25,Male,Finance,Financial Analyst,4,91192,17.8,7599.33,8,2,2,Yes,3,0,4,4,2,4,No
EMP-0290,Disha Clark,51,Female,Engineering,Data Engineer,8,119277,10.1,9939.75,5,2,2,Yes,3,4,6,6,2,1,Yes
EMP-0291,Patrick Tanaka,53,Male,Sales,Sales Analyst,3,81773,9.4,6814.42,42,1,1,No,1,0,1,1,2,8,No
EMP-0292,Rahul Clark,31,Male,HR,Recruiter,10,93651,15.3,7804.25,32,4,4,No,3,7,6,3,4,12,No
EMP-0293,Ritu Morales,43,Female,Finance,Finance Manager,9,83004,12.3,6917.0,22,3,3,No,3,1,6,6,4,14,No
EMP-0294,Pooja Turner,53,Female,Operations,Operations Analyst,2,63137,5.7,5261.42,2,2,3,No,2,2,2,2,3,7,No
EMP-0295,Rahul Kim,24,Male,Engineering,Tech Lead,3,95742,14.2,7978.5,44,1,1,Yes,2,1,0,0,2,2,Yes
EMP-0296,Aarav Williams,41,Male,Operations,Operations Coordinator,3,72102,21.7,6008.5,5,3,2,No,2,0,3,0,3,15,No
EMP-0297,Aisha Nair,56,Female,Operations,Facilities Manager,4,65985,16.9,5498.75,22,1,2,No,2,0,2,0,2,8,No
EMP-0298,Patrick Wang,53,Male,Sales,Sales Executive,2,64937,23.5,5411.42,42,3,3,Yes,3,2,0,0,3,13,No
EMP-0299,Robert Santos,33,Male,Operations,Operations Coordinator,12,91189,12.0,7599.08,1,1,1,Yes,2,8,9,1,2,6,No
EMP-0300,Thomas Singh,31,Male,Sales,Sales Executive,10,87455,18.4,7287.92,3,2,2,Yes,2,0,7,5,3,11,No
EMP-0301,James Patel,29,Male,HR,People Ops Specialist,2,74483,16.9,6206.92,21,1,1,Yes,2,1,1,0,2,10,Yes
EMP-0302,Christopher Reyes,49,Male,HR,HR Generalist,4,82893,8.6,6907.75,24,3,3,Yes,2,1,1,1,4,6,No
EMP-0303,Disha Nakamura,36,Female,Sales,Sales Manager,9,84346,16.6,7028.83,36,4,4,Yes,3,3,9,0,4,13,No
EMP-0304,Alexander Chen,36,Male,HR,People Ops Specialist,15,115401,13.4,9616.75,3,1,1,Yes,2,0,4,3,2,16,No
EMP-0305,Gaurav Garcia,40,Male,Sales,Sales Manager,7,85176,18.4,7098.0,11,2,3,No,2,7,1,0,3,14,No
EMP-0306,Suresh Wang,55,Male,Operations,Operations Analyst,1,65584,19.0,5465.33,40,4,3,No,4,0,1,0,4,19,No
EMP-0307,Disha Santos,45,Female,Engineering,Tech Lead,5,93635,16.2,7802.92,14,3,3,No,3,1,5,2,3,7,No
EMP-0308,Ravi Lee,49,Male,Marketing,Brand Manager,8,80288,11.9,6690.67,32,3,3,No,3,8,0,0,4,15,No
EMP-0309,Michael Ali,47,Male,Engineering,Software Engineer,5,85158,8.3,7096.5,8,1,2,No,1,5,2,0,2,15,Yes
EMP-0310,Shreya Nakamura,23,Female,HR,Compensation Analyst,2,55236,22.4,4603.0,15,3,3,No,3,2,1,1,3,13,No
EMP-0311,Megan Morales,32,Female,Sales,Sales Manager,8,99050,24.4,8254.17,4,2,3,No,3,2,3,2,3,9,No
EMP-0312,James Anderson,42,Male,Engineering,Software Engineer,18,147023,12.4,12251.92,14,4,4,Yes,4,8,4,0,4,10,No
EMP-0313,Swati Ali,22,Female,Marketing,Content Strategist,1,63040,14.5,5253.33,19,3,3,Yes,3,0,1,1,4,10,No
EMP-0314,Akash Lee,25,Male,Engineering,Tech Lead,4,100313,15.5,8359.42,18,3,3,Yes,2,1,4,0,3,2,No
EMP-0315,Pranav Tanaka,49,Male,Sales,Sales Analyst,11,94196,10.7,7849.67,23,1,1,Yes,2,4,6,3,2,17,Yes
EMP-0316,Nupur Iyer,27,Female,Finance,Treasury Analyst,4,88520,24.8,7376.67,34,3,3,No,3,2,1,0,4,18,No
EMP-0317,Michael Williams,57,Male,HR,Recruiter,15,117716,11.1,9809.67,36,3,3,Yes,3,7,1,0,4,0,No
EMP-0318,Nupur Williams,37,Female,HR,Compensation Analyst,0,66156,24.9,5513.0,5,2,2,Yes,3,0,0,0,3,18,No
EMP-0319,Marcus Johnson,31,Male,Finance,Financial Analyst,10,112829,12.1,9402.42,4,3,2,Yes,3,4,7,2,4,13,No
EMP-0320,Rohan Cruz,42,Male,Sales,Regional Sales Lead,10,96225,18.7,8018.75,45,3,2,No,3,5,10,0,3,17,No
EMP-0321,Rohan Garcia,36,Male,Sales,Regional Sales Lead,6,92343,23.3,7695.25,8,2,2,No,3,6,1,0,3,0,No
EMP-0322,Emily Hall,29,Female,Marketing,Marketing Specialist,7,88565,18.8,7380.42,20,4,4,No,3,2,2,0,4,4,No
EMP-0323,Rohan Kumar,25,Male,Operations,Facilities Manager,4,66562,6.3,5546.83,43,3,4,Yes,3,0,0,0,4,3,No
EMP-0324,Monica Lee,54,Female,Marketing,Content Strategist,19,145977,6.4,12164.75,38,4,3,No,3,0,7,4,3,6,No
EMP-0325,Tanvi Walker,50,Female,Finance,Senior Accountant,3,82798,13.5,6899.83,33,3,3,No,3,1,1,1,4,3,No
EMP-0326,Amit Chen,46,Male,HR,HR Generalist,9,100354,18.7,8362.83,29,2,2,Yes,2,3,7,4,3,13,Yes
EMP-0327,Aarav Lewis,28,Male,HR,Compensation Analyst,7,81765,7.4,6813.75,26,4,4,Yes,3,6,7,5,4,18,No
EMP-0328,Ritu Wilson,53,Female,HR,Compensation Analyst,8,94392,20.1,7866.0,42,3,3,No,3,6,8,2,3,15,No
EMP-0329,Laura Wilson,23,Female,Operations,Process Manager,2,73880,18.6,6156.67,12,2,2,Yes,2,1,0,0,2,4,No
EMP-0330,Laura Martinez,56,Female,Finance,Finance Manager,10,102959,24.1,8579.92,3,3,2,No,2,6,8,0,3,12,No
EMP-0331,Andrew Sato,46,Male,Sales,Sales Manager,15,136024,18.2,11335.33,44,2,2,Yes,2,8,3,3,3,15,Yes
EMP-0332,Aisha Singh,24,Female,Engineering,QA Engineer,3,99419,5.5,8284.92,41,3,2,Yes,2,2,2,1,3,3,No
EMP-0333,Suresh Miller,32,Male,Engineering,Tech Lead,0,85103,18.2,7091.92,28,3,4,No,3,0,0,0,3,0,No
EMP-0334,David Kim,43,Male,HR,People Ops Specialist,5,78035,24.4,6502.92,13,1,1,No,2,3,4,0,2,17,No
EMP-0335,Kevin Kim,58,Male,Marketing,Marketing Specialist,16,116856,11.9,9738.0,5,2,2,Yes,2,4,15,4,3,9,Yes
EMP-0336,Arjun Turner,33,Male,Operations,Facilities Manager,12,102776,10.4,8564.67,41,4,4,Yes,3,8,7,6,4,19,No
EMP-0337,Anil King,49,Male,Operations,Operations Analyst,13,89089,21.9,7424.08,18,2,2,Yes,2,4,5,5,2,5,Yes
EMP-0338,Laura Hernandez,24,Female,HR,Talent Acquisition Lead,3,63821,5.6,5318.42,18,3,4,Yes,3,1,1,0,4,15,No
EMP-0339,Divya Tanaka,37,Female,Operations,Process Manager,3,69100,15.4,5758.33,38,1,2,Yes,2,2,3,3,2,2,Yes
EMP-0340,Varun Garcia,33,Male,Sales,Sales Executive,6,91181,10.1,7598.42,38,3,2,No,2,0,4,3,3,17,No
EMP-0341,Pranav Rodriguez,41,Male,Operations,Operations Analyst,0,54791,18.8,4565.92,43,2,2,Yes,3,0,0,0,3,17,No
EMP-0342,Isha Sharma,41,Female,HR,Recruiter,2,63329,22.2,5277.42,11,2,3,Yes,3,1,1,1,3,20,No
EMP-0343,Sanya Gupta,38,Female,Sales,Sales Analyst,16,123847,17.0,10320.58,36,3,3,Yes,3,5,2,1,4,0,No
EMP-0344,Aisha Morales,32,Female,Engineering,Software Engineer,7,108716,21.9,9059.67,44,3,2,Yes,2,6,7,6,3,10,No
EMP-0345,Gaurav Park,46,Male,Sales,Business Development Rep,18,93264,23.5,7772.0,42,2,1,Yes,2,3,7,0,2,14,No
EMP-0346,Sarah Morales,55,Female,Engineering,Software Engineer,13,136346,7.4,11362.17,14,2,1,No,2,3,12,6,2,8,No
EMP-0347,Gaurav Williams,23,Male,HR,HR Business Partner,2,70705,23.1,5892.08,24,2,2,No,2,2,2,2,3,20,No
EMP-0348,Sophia Taylor,57,Female,Engineering,Software Engineer,1,81058,14.4,6754.83,23,2,3,No,3,0,0,0,3,8,No
EMP-0349,Marcus Johnson,43,Male,Finance,Budget Analyst,14,103535,19.2,8627.92,28,2,2,Yes,3,2,4,2,2,3,No
EMP-0350,Emma Wright,42,Female,Marketing,Brand Manager,13,95114,19.7,7926.17,32,3,3,Yes,3,2,13,4,3,20,No
EMP-0351,Ritu Martinez,44,Female,Engineering,DevOps Engineer,17,152012,7.2,12667.67,10,1,2,No,2,1,15,2,2,2,No
EMP-0352,Kevin Sharma,33,Male,Finance,Treasury Analyst,12,112418,18.5,9368.17,22,2,3,Yes,3,0,1,1,2,3,No
EMP-0353,Disha Turner,22,Female,Marketing,Brand Manager,1,69534,11.5,5794.5,37,3,4,No,3,0,0,0,4,1,No
EMP-0354,Emily Anderson,23,Female,HR,HR Generalist,2,70367,10.7,5863.92,42,2,3,Yes,2,0,1,0,3,9,No
EMP-0355,Angela Thompson,46,Female,HR,Talent Acquisition Lead,15,134261,13.5,11188.42,28,2,2,Yes,2,5,8,4,3,5,Yes
EMP-0356,Andrew Fernandez,55,Male,Operations,Operations Manager,2,75165,6.6,6263.75,31,3,3,No,3,1,2,0,4,4,No
EMP-0357,Benjamin Sato,51,Male,HR,HR Generalist,18,120541,16.7,10045.08,33,1,1,Yes,1,0,8,0,2,14,Yes
EMP-0358,Kriti Santos,33,Female,Marketing,Digital Marketing Manager,6,83713,10.2,6976.08,44,1,1,Yes,2,0,2,1,2,17,Yes
EMP-0359,Megan Santos,47,Female,Finance,Finance Manager,9,87035,5.3,7252.92,8,2,2,No,2,0,1,0,2,0,No
EMP-0360,Disha Deshmukh,23,Female,HR,Talent Acquisition Lead,2,69838,24.3,5819.83,31,2,2,Yes,2,0,1,1,2,18,Yes
EMP-0361,Nupur Martinez,57,Female,Operations,Facilities Manager,9,102060,14.7,8505.0,38,3,2,No,2,7,0,0,3,1,No
EMP-0362,Emma Harris,49,Female,Marketing,SEO Analyst,0,56298,14.4,4691.5,29,4,4,Yes,4,0,0,0,4,18,No
EMP-0363,Nupur Lewis,45,Female,Operations,Operations Manager,15,127994,10.6,10666.17,6,2,1,Yes,2,7,5,1,3,5,No
EMP-0364,Arjun Lee,32,Male,Marketing,Digital Marketing Manager,5,71357,21.1,5946.42,22,2,2,No,2,3,5,0,2,19,No
EMP-0365,Swati Walker,28,Female,Finance,Treasury Analyst,1,67506,24.5,5625.5,40,1,2,Yes,2,0,1,0,1,16,Yes
EMP-0366,Pooja Deshmukh,43,Female,Operations,Operations Analyst,4,78692,24.4,6557.67,1,2,2,No,2,1,0,0,2,10,No
EMP-0367,Jennifer Iyer,48,Female,HR,Talent Acquisition Lead,14,94196,7.9,7849.67,1,2,2,Yes,2,8,11,0,2,2,Yes
EMP-0368,Ryan Singh,55,Male,Operations,Operations Manager,9,103954,22.5,8662.83,21,4,3,No,3,5,6,0,4,8,No
EMP-0369,Shreya Harris,41,Female,HR,HR Business Partner,2,69362,12.8,5780.17,9,1,1,Yes,2,2,0,0,1,6,Yes
EMP-0370,Amanda Scott,49,Female,Marketing,Marketing Coordinator,16,131932,21.8,10994.33,17,1,1,Yes,1,8,3,2,2,3,Yes
EMP-0371,Manoj Miller,58,Male,Marketing,Marketing Coordinator,4,81212,19.8,6767.67,7,2,2,Yes,2,2,4,4,2,18,Yes
EMP-0372,Meera Rodriguez,26,Female,Sales,Business Development Rep,5,88972,16.8,7414.33,34,2,2,No,3,3,5,2,3,18,No
EMP-0373,Benjamin Iyer,51,Male,HR,Compensation Analyst,4,83746,7.4,6978.83,14,4,3,No,3,3,4,3,4,1,No
EMP-0374,Kavitha Fernandez,45,Female,Sales,Sales Executive,9,93811,14.7,7817.58,10,2,2,Yes,1,2,5,4,2,13,Yes
EMP-0375,Sneha Kumar,58,Female,HR,Talent Acquisition Lead,9,95737,20.6,7978.08,31,2,2,Yes,2,2,9,6,3,4,Yes
EMP-0376,Isha Wilson,56,Female,HR,Recruiter,1,62903,17.9,5241.92,11,3,3,No,3,0,1,1,3,17,No
EMP-0377,Christopher Lopez,56,Male,Engineering,Software Engineer,5,92373,9.9,7697.75,38,3,2,No,3,3,0,0,3,17,No
EMP-0378,Isha Taylor,28,Female,Engineering,Software Engineer,7,96895,8.7,8074.58,6,3,3,Yes,3,2,2,1,4,13,No
EMP-0379,Gaurav Chen,29,Male,Marketing,SEO Analyst,1,72543,16.7,6045.25,32,1,1,Yes,2,1,0,0,2,8,Yes
EMP-0380,Katherine Reyes,37,Female,Operations,Operations Coordinator,16,123572,13.1,10297.67,6,3,2,No,2,8,4,1,3,4,No
EMP-0381,Hemant Santos,32,Male,Marketing,Marketing Coordinator,0,58955,17.0,4912.92,44,2,1,Yes,2,0,0,0,2,20,Yes
EMP-0382,Deepak Young,49,Male,Finance,Finance Manager,6,99985,17.7,8332.08,29,2,2,No,2,2,5,1,3,10,No
EMP-0383,Priya Sharma,48,Female,Operations,Process Manager,17,131969,6.6,10997.42,42,4,4,No,3,1,15,4,5,0,No
EMP-0384,Emily Scott,29,Female,Operations,Operations Coordinator,8,89887,5.2,7490.58,2,2,2,No,2,4,5,5,2,11,Yes
EMP-0385,Thomas Martinez,35,Male,Operations,Operations Manager,0,65978,7.2,5498.17,18,2,2,No,2,0,0,0,2,17,Yes
EMP-0386,Marcus Morales,39,Male,Sales,Regional Sales Lead,6,101491,17.3,8457.58,44,4,4,No,3,4,0,0,5,0,No
EMP-0387,Ritu Lewis,53,Female,Finance,Budget Analyst,11,91315,5.9,7609.58,27,1,1,No,2,8,8,3,1,10,Yes
EMP-0388,Sneha Anderson,43,Female,Sales,Account Manager,9,99245,5.6,8270.42,28,2,2,Yes,2,0,1,1,3,8,No
EMP-0389,Brian Santos,50,Male,HR,HR Generalist,18,94288,23.3,7857.33,25,1,1,Yes,2,5,3,0,2,4,No
EMP-0390,William Wang,48,Male,HR,HR Generalist,7,89579,14.3,7464.92,28,4,4,Yes,3,1,0,0,4,20,No
EMP-0391,Kevin Thompson,54,Male,Finance,Senior Accountant,8,105566,19.5,8797.17,29,3,3,No,3,2,5,1,4,4,No
EMP-0392,Anil Rodriguez,43,Male,Marketing,Brand Manager,9,85260,16.7,7105.0,44,3,3,Yes,2,2,5,0,3,7,No
EMP-0393,Sanjay Thompson,51,Male,Operations,Supply Chain Lead,19,154560,24.3,12880.0,40,1,2,Yes,1,4,10,3,2,10,No
EMP-0394,Hemant Santos,52,Male,Sales,Account Manager,10,97117,13.0,8093.08,1,2,2,No,2,5,10,0,3,2,No
EMP-0395,Michael Thompson,36,Male,Marketing,Content Strategist,8,95298,9.9,7941.5,13,3,4,Yes,3,0,2,0,5,8,No
EMP-0396,Disha Anderson,32,Female,Marketing,Digital Marketing Manager,11,114284,22.6,9523.67,5,3,3,No,3,1,11,1,4,4,No
EMP-0397,Patrick Reyes,40,Male,Sales,Regional Sales Lead,4,68793,17.6,5732.75,18,3,3,Yes,3,1,2,2,4,18,No
EMP-0398,Laura Fernandez,42,Female,HR,HR Business Partner,11,119120,19.3,9926.67,32,3,2,Yes,2,7,8,2,2,18,No
EMP-0399,Jessica Miller,58,Female,HR,Talent Acquisition Lead,5,76000,16.0,6333.33,9,2,2,Yes,3,0,5,2,3,14,No
EMP-0400,Laura Chen,23,Female,Marketing,SEO Analyst,2,64617,17.9,5384.75,23,3,3,Yes,3,0,2,1,3,16,No
EMP-0401,Sanjay Thompson,38,Male,Operations,Operations Analyst,9,87362,19.1,7280.17,9,3,3,No,4,8,9,2,4,0,No
EMP-0402,Christopher Harris,47,Male,Finance,Senior Accountant,7,101611,14.5,8467.58,34,3,3,Yes,3,7,3,3,4,10,No
EMP-0403,Pranav Iyer,41,Male,Finance,Senior Accountant,0,71621,11.8,5968.42,27,2,2,No,2,0,0,0,2,17,Yes
EMP-0404,Isha Garcia,56,Female,HR,HR Generalist,12,100887,11.6,8407.25,29,1,1,Yes,2,4,3,0,2,5,No
EMP-0405,Nicole Garcia,55,Female,Sales,Sales Manager,2,71549,15.4,5962.42,11,1,2,No,2,1,2,1,2,12,No
EMP-0406,David Miller,52,Male,HR,Compensation Analyst,5,81943,16.7,6828.58,33,2,2,Yes,2,5,4,3,2,8,Yes
EMP-0407,Disha Ali,27,Female,Finance,Financial Analyst,6,90266,12.8,7522.17,12,4,4,No,4,3,6,1,4,5,No
EMP-0408,Alexander Johnson,56,Male,Marketing,Marketing Coordinator,9,77576,23.2,6464.67,27,1,1,Yes,1,8,9,0,2,11,Yes
EMP-0409,Neha Reddy,51,Female,Operations,Operations Manager,12,102990,12.9,8582.5,1,2,2,Yes,2,4,5,0,3,4,No
EMP-0410,Christopher Brown,23,Male,Sales,Account Manager,2,70088,7.5,5840.67,26,3,3,No,3,0,0,0,3,0,No
EMP-0411,Samuel Harris,28,Male,Operations,Operations Manager,7,81443,17.0,6786.92,4,2,2,Yes,2,6,4,1,3,7,No
EMP-0412,Daniel Gupta,32,Male,Operations,Process Manager,1,60627,21.3,5052.25,21,2,2,Yes,2,0,1,0,3,17,No
EMP-0413,Nikhil Garcia,26,Male,HR,HR Business Partner,5,84865,5.9,7072.08,14,3,3,No,3,3,5,2,3,19,No
EMP-0414,Brian Chen,46,Male,Operations,Operations Manager,4,74291,24.6,6190.92,43,1,1,Yes,2,3,2,0,2,10,No
EMP-0415,Daniel Patel,41,Male,Finance,Financial Analyst,7,83580,6.2,6965.0,24,1,1,No,2,7,6,2,2,6,Yes
EMP-0416,Meera Brown,24,Female,Marketing,Marketing Coordinator,3,73414,20.0,6117.83,15,1,2,No,2,2,3,2,2,7,No
EMP-0417,Christina Chen,22,Female,Sales,Business Development Rep,1,63592,6.0,5299.33,10,2,2,Yes,2,0,1,0,2,2,Yes
EMP-0418,Michael Anderson,37,Male,HR,HR Business Partner,9,103937,24.4,8661.42,13,4,4,No,3,4,4,3,4,2,No
EMP-0419,Christopher Patel,27,Male,HR,Talent Acquisition Lead,6,81341,10.1,6778.42,30,2,2,Yes,2,2,2,1,3,9,No
EMP-0420,Benjamin Young,53,Male,Operations,Operations Analyst,12,108619,12.7,9051.58,20,4,4,No,3,1,6,3,5,1,No
EMP-0421,Angela Hall,45,Female,HR,Compensation Analyst,1,67472,19.7,5622.67,16,3,3,No,3,1,1,0,3,11,No
EMP-0422,Amanda Cruz,32,Female,Finance,Audit Associate,0,72594,13.0,6049.5,38,1,2,No,2,0,0,0,2,13,No
EMP-0423,Divya Gupta,44,Female,Operations,Facilities Manager,4,77472,19.0,6456.0,1,2,1,Yes,2,1,2,1,2,0,No
EMP-0424,Deepak Thompson,54,Male,HR,HR Business Partner,3,69931,8.7,5827.58,4,4,4,No,4,1,3,1,4,8,No
EMP-0425,Nikhil Nair,43,Male,Marketing,Marketing Specialist,0,65898,18.5,5491.5,7,3,3,No,3,0,0,0,3,8,No
EMP-0426,Laura Rodriguez,49,Female,Marketing,Brand Manager,10,109161,25.0,9096.75,16,2,2,Yes,2,5,5,5,2,12,Yes
EMP-0427,Arjun Cruz,39,Male,Engineering,QA Engineer,7,112528,15.3,9377.33,43,4,3,No,3,3,5,0,4,20,No
EMP-0428,Jennifer Cruz,27,Female,HR,Talent Acquisition Lead,6,76991,19.7,6415.92,19,4,4,No,3,4,6,1,4,4,No
EMP-0429,Sarah Khan,56,Female,Engineering,DevOps Engineer,7,95646,20.1,7970.5,43,4,4,Yes,3,1,3,0,4,13,No
EMP-0430,Ritu Clark,53,Female,Sales,Regional Sales Lead,2,79705,20.3,6642.08,39,2,2,No,2,0,2,2,3,10,No
EMP-0431,Daniel Taylor,27,Male,Engineering,Tech Lead,3,99584,23.7,8298.67,8,4,3,No,3,2,0,0,4,10,No
EMP-0432,Tanvi Lewis,36,Female,Sales,Regional Sales Lead,3,78749,22.0,6562.42,21,2,3,No,2,1,3,2,3,7,No
EMP-0433,Megan Lopez,39,Female,Operations,Operations Coordinator,18,142580,14.9,11881.67,25,2,2,No,2,0,15,6,2,10,No
EMP-0434,Andrew Young,32,Male,HR,Recruiter,0,63842,18.6,5320.17,23,2,3,Yes,2,0,0,0,3,2,No
EMP-0435,Joseph Ali,58,Male,Operations,Process Manager,4,88208,10.8,7350.67,10,3,3,No,3,1,3,1,4,6,No
EMP-0436,Sarah Singh,52,Female,Engineering,Tech Lead,5,99289,18.0,8274.08,38,3,3,No,3,3,0,0,3,20,No
EMP-0437,Divya Scott,46,Female,HR,Compensation Analyst,8,78412,7.4,6534.33,6,3,3,Yes,3,1,7,3,4,20,No
EMP-0438,Nikhil Rodriguez,49,Male,Operations,Operations Manager,9,78866,11.5,6572.17,35,2,2,No,2,2,9,3,2,0,No
EMP-0439,David Clark,33,Male,Engineering,Senior Software Engineer,0,74031,5.8,6169.25,37,3,2,No,3,0,0,0,3,2,No
EMP-0440,Priya Anderson,55,Female,Marketing,Marketing Specialist,9,102262,7.8,8521.83,32,3,3,Yes,3,5,9,4,3,11,No
EMP-0441,Deepak Cruz,44,Male,Finance,Senior Accountant,8,113716,6.5,9476.33,17,4,3,No,3,4,2,1,4,20,No
EMP-0442,Thomas Turner,34,Male,Operations,Operations Manager,11,121370,17.1,10114.17,27,3,2,No,2,2,9,2,3,13,No
EMP-0443,Divya Park,31,Female,Marketing,Digital Marketing Manager,7,67489,12.5,5624.08,15,2,1,Yes,2,6,4,0,2,3,No
EMP-0444,Katherine Brown,25,Female,Finance,Financial Analyst,4,80300,11.9,6691.67,44,4,4,No,3,4,2,2,4,19,No
EMP-0445,Nikhil Morales,25,Male,Operations,Operations Analyst,4,80750,18.6,6729.17,27,4,4,No,3,3,2,0,4,14,No
EMP-0446,Joseph Turner,48,Male,Engineering,Tech Lead,10,118594,6.5,9882.83,16,1,1,No,2,1,1,0,2,18,No
EMP-0447,Christopher Martinez,56,Male,Finance,Audit Associate,3,72399,23.2,6033.25,1,4,4,No,4,3,3,2,5,7,No
EMP-0448,Sarah Lewis,33,Female,Finance,Senior Accountant,2,81924,12.1,6827.0,4,2,1,No,2,1,2,1,2,12,No
EMP-0449,Megan Rodriguez,35,Female,Marketing,Digital Marketing Manager,0,59988,23.6,4999.0,42,3,3,Yes,3,0,0,0,4,19,No
EMP-0450,Harsh Lee,49,Male,Engineering,Software Engineer,15,122542,15.3,10211.83,10,1,1,Yes,1,6,6,0,1,15,Yes
EMP-0451,Pooja Khan,32,Female,Operations,Supply Chain Lead,4,68298,12.2,5691.5,13,1,1,Yes,2,0,2,0,1,9,No
EMP-0452,Ritu Nakamura,53,Female,HR,People Ops Specialist,4,80992,19.5,6749.33,25,3,3,Yes,3,1,2,0,4,3,No
EMP-0453,Sophia King,52,Female,Engineering,DevOps Engineer,9,108617,20.2,9051.42,16,2,2,No,2,2,4,4,2,5,No
EMP-0454,Benjamin Santos,31,Male,Sales,Account Manager,7,85936,5.8,7161.33,13,2,2,No,3,2,1,1,3,0,No
EMP-0455,Sanya Rodriguez,49,Female,Engineering,QA Engineer,20,138526,10.4,11543.83,18,2,2,Yes,2,5,1,1,3,7,Yes
EMP-0456,Varun Williams,45,Male,Marketing,SEO Analyst,10,77734,18.4,6477.83,44,2,2,Yes,2,8,4,1,3,10,No
EMP-0457,Divya Gupta,29,Female,Sales,Sales Analyst,1,65920,8.9,5493.33,29,3,3,Yes,3,0,1,0,3,17,No
EMP-0458,Katherine Hall,44,Female,Marketing,Brand Manager,11,104216,23.2,8684.67,5,4,3,Yes,3,7,7,3,4,16,No
EMP-0459,Michael King,56,Male,HR,Talent Acquisition Lead,16,107176,20.0,8931.33,25,3,2,Yes,3,8,2,1,3,12,No
EMP-0460,Angela Hall,38,Female,Operations,Facilities Manager,9,90715,16.0,7559.58,11,1,1,Yes,2,3,3,0,3,17,No
EMP-0461,David Torres,44,Male,Engineering,Software Engineer,20,150855,6.7,12571.25,36,2,2,No,2,4,19,5,3,4,No
EMP-0462,Emily Taylor,28,Female,Engineering,QA Engineer,7,121758,16.0,10146.5,29,2,2,No,2,3,4,2,2,8,No
EMP-0463,Christopher Mehta,51,Male,HR,HR Business Partner,5,69793,16.4,5816.08,12,2,2,Yes,2,5,5,2,2,0,Yes
EMP-0464,Aditi Gupta,30,Female,Operations,Facilities Manager,0,65582,5.4,5465.17,1,3,4,Yes,3,0,0,0,4,7,No
EMP-0465,Divya Thompson,58,Female,Sales,Business Development Rep,14,111496,14.6,9291.33,16,3,3,No,2,0,5,4,3,8,No
EMP-0466,Aarav Wilson,49,Male,Engineering,Senior Software Engineer,12,120763,9.5,10063.58,44,3,2,Yes,3,6,2,2,3,3,No
EMP-0467,Divya Kumar,33,Female,Finance,Senior Accountant,12,120100,8.6,10008.33,28,3,3,No,3,2,8,5,3,9,No
EMP-0468,Aarav Deshmukh,42,Male,Operations,Process Manager,4,83993,21.3,6999.42,8,1,1,Yes,2,4,3,3,2,8,No
EMP-0469,Sophia Turner,37,Female,Marketing,Content Strategist,12,117289,15.8,9774.08,32,2,2,No,2,8,6,4,3,7,No
EMP-0470,Pranav Sharma,45,Male,Sales,Sales Executive,17,101908,6.2,8492.33,23,2,2,Yes,3,5,15,6,3,4,Yes
EMP-0471,Deepak Nair,31,Male,Operations,Operations Manager,10,87986,12.4,7332.17,45,2,2,Yes,1,1,10,5,2,18,Yes
EMP-0472,Swati Wright,30,Female,Sales,Business Development Rep,9,103809,19.5,8650.75,29,2,1,Yes,2,0,4,2,2,3,Yes
EMP-0473,Katherine Hall,54,Female,Marketing,Brand Manager,9,88753,10.4,7396.08,6,3,3,No,3,8,3,3,4,4,No
EMP-0474,Hemant Rodriguez,47,Male,Marketing,Marketing Coordinator,12,88848,17.9,7404.0,13,1,2,Yes,1,4,2,0,2,3,No
EMP-0475,Joseph Thompson,24,Male,Finance,Senior Accountant,3,85725,16.3,7143.75,37,2,1,Yes,2,3,2,0,2,1,No
EMP-0476,Shreya Iyer,28,Female,Operations,Operations Manager,7,84743,15.0,7061.92,10,3,2,Yes,2,0,6,4,3,12,No
EMP-0477,David Lewis,32,Male,Operations,Process Manager,11,127771,18.0,10647.58,22,2,2,No,2,7,8,6,3,4,No
EMP-0478,Patrick Cruz,58,Male,Engineering,Senior Software Engineer,20,118449,7.9,9870.75,20,2,2,No,2,8,15,6,3,2,No
EMP-0479,Robert Hall,52,Male,HR,Recruiter,8,91906,23.8,7658.83,37,3,4,No,4,7,7,0,4,11,No
EMP-0480,Tanvi Mehta,54,Female,Operations,Supply Chain Lead,14,121528,17.4,10127.33,42,3,3,No,3,0,8,5,3,7,No
EMP-0481,Nikhil Ali,44,Male,Operations,Operations Coordinator,14,135368,23.0,11280.67,30,4,4,Yes,3,1,14,0,3,5,No
EMP-0482,Jessica Walker,29,Female,Operations,Supply Chain Lead,8,88109,8.1,7342.42,31,1,2,Yes,2,2,7,5,3,6,Yes
EMP-0483,Jessica Singh,49,Female,Sales,Sales Executive,8,97594,6.7,8132.83,5,2,2,Yes,2,4,4,3,3,2,No
EMP-0484,Varun Kim,34,Male,Marketing,Content Strategist,11,109273,15.7,9106.08,11,2,2,No,2,6,6,2,2,18,No
EMP-0485,Aisha Sharma,31,Female,Sales,Business Development Rep,10,92966,10.3,7747.17,1,3,2,No,2,7,5,1,3,20,No
EMP-0486,Brian Wang,35,Male,Sales,Sales Manager,6,88016,5.3,7334.67,20,3,3,No,3,4,0,0,3,15,No
EMP-0487,Robert Ali,33,Male,HR,Recruiter,12,99777,13.7,8314.75,19,4,4,No,3,6,9,5,3,9,No
EMP-0488,Patrick Nakamura,56,Male,Engineering,DevOps Engineer,3,101228,21.1,8435.67,43,2,2,Yes,2,2,3,3,2,6,Yes
EMP-0489,Nupur Harris,47,Female,Operations,Operations Manager,0,69631,10.7,5802.58,43,3,3,No,2,0,0,0,3,13,No
EMP-0490,Fatima Johnson,37,Female,Finance,Budget Analyst,16,117512,21.6,9792.67,37,2,2,Yes,2,6,12,1,2,20,Yes
EMP-0491,Benjamin Nair,47,Male,Operations,Facilities Manager,20,143491,24.0,11957.58,14,2,2,No,2,1,8,0,3,0,No
EMP-0492,Neha King,51,Female,Operations,Process Manager,20,128433,9.8,10702.75,15,4,4,Yes,3,4,20,1,4,17,No
EMP-0493,Arjun Turner,29,Male,Finance,Financial Analyst,8,83524,7.8,6960.33,17,2,3,Yes,2,2,8,0,3,2,No
EMP-0494,David Lewis,42,Male,HR,Talent Acquisition Lead,20,109071,11.0,9089.25,12,4,4,No,4,0,14,0,4,10,No
EMP-0495,Brian Patel,55,Male,Finance,Financial Analyst,16,118116,7.3,9843.0,14,2,2,No,2,0,4,2,2,4,No
EMP-0496,Disha King,54,Female,HR,Talent Acquisition Lead,12,91955,9.0,7662.92,18,3,3,No,3,6,3,0,4,18,No
EMP-0497,Aisha Santos,46,Female,Engineering,QA Engineer,13,137763,12.5,11480.25,41,4,3,No,3,1,3,3,4,5,No
EMP-0498,Aditi Patel,42,Female,Engineering,Senior Software Engineer,13,117615,9.9,9801.25,14,3,3,No,3,5,12,2,4,4,No
EMP-0499,Ethan Reddy,35,Male,HR,Recruiter,14,102275,10.6,8522.92,39,3,2,No,2,1,6,4,2,20,No
EMP-0500,Nupur Nair,32,Female,Engineering,DevOps Engineer,11,131176,9.7,10931.33,2,3,3,No,3,4,5,0,3,20,No
